{
    "CCE561AB-467C-4CF8-BBB1-2F7729ABD5D3": {
        "scrollOrigin": "{1182, 317}",
        "zoomValue": 0.5661576049107424
    },
    "932EAF86-FB02-4817-B774-A50D0549EC5D": {
        "pageListHeight": -1
    },
    "B6F0C752-79B5-45B1-BDB2-FE052C215731": {
        "scrollOrigin": "{-4785, 314}",
        "zoomValue": 0.4644470014297757
    },
    "9D1FDAAA-B026-466B-ABAF-8C90C8A48F23": {
        "pageListHeight": 110
    }
}
