{
    "CCE561AB-467C-4CF8-BBB1-2F7729ABD5D3": {
        "scrollOrigin": "{292.52935382684348, -530.75885321446401}",
        "zoomValue": 0.6792661199229647
    },
    "932EAF86-FB02-4817-B774-A50D0549EC5D": {
        "pageListHeight": -1
    },
    "B6F0C752-79B5-45B1-BDB2-FE052C215731": {
        "scrollOrigin": "{-1105, 432}",
        "zoomValue": 0.2148280894674761
    },
    "9D1FDAAA-B026-466B-ABAF-8C90C8A48F23": {
        "pageListHeight": 110
    }
}
