{
    "B1CFB214-B194-4BEB-9C8D-C3D0B6DFCCF5": {
        "scrollOrigin": "{-11123, 52}",
        "zoomValue": 13.62032438607415
    },
    "937C98A0-06B5-4318-AD2E-3CF25A4333FA": {
        "pageListHeight": -1
    },
    "131EEE1E-FEE0-4CDE-A3D2-6D73EEAE2FF6": {
        "pageListHeight": 175
    },
    "DD423C44-C519-42C0-AE6F-5323F87EA32B": {
        "scrollOrigin": "{-723, -171}",
        "zoomValue": 0.2555856583518594
    }
}
